{
  "id": "0cc82fcf-9236-4fc6-ad95-8bb4e890a2ba",
  "prevId": "00000000-0000-0000-0000-000000000000",
  "version": "7",
  "dialect": "postgresql",
  "tables": {
    "public.premiumKeys": {
      "name": "premiumKeys",
      "schema": "",
      "columns": {
        "id": {
          "name": "id",
          "type": "serial",
          "primaryKey": false,
          "notNull": true
        },
        "activatedAt": {
          "name": "activatedAt",
          "type": "timestamp",
          "primaryKey": false,
          "notNull": false
        },
        "activatedBy": {
          "name": "activatedBy",
          "type": "varchar",
          "primaryKey": false,
          "notNull": false
        },
        "key": {
          "name": "key",
          "type": "varchar",
          "primaryKey": false,
          "notNull": true
        }
      },
      "indexes": {},
      "foreignKeys": {
        "premiumKeys_activatedBy_users_isu_id_fk": {
          "name": "premiumKeys_activatedBy_users_isu_id_fk",
          "tableFrom": "premiumKeys",
          "tableTo": "users",
          "columnsFrom": [
            "activatedBy"
          ],
          "columnsTo": [
            "isu_id"
          ],
          "onDelete": "no action",
          "onUpdate": "no action"
        }
      },
      "compositePrimaryKeys": {},
      "uniqueConstraints": {
        "premiumKeys_key_unique": {
          "name": "premiumKeys_key_unique",
          "nullsNotDistinct": false,
          "columns": [
            "key"
          ]
        }
      },
      "policies": {},
      "checkConstraints": {},
      "isRLSEnabled": false
    },
    "public.nodes": {
      "name": "nodes",
      "schema": "",
      "columns": {
        "id": {
          "name": "id",
          "type": "serial",
          "primaryKey": true,
          "notNull": true
        },
        "url": {
          "name": "url",
          "type": "varchar",
          "primaryKey": false,
          "notNull": true
        },
        "name": {
          "name": "name",
          "type": "varchar",
          "primaryKey": false,
          "notNull": true
        },
        "ping": {
          "name": "ping",
          "type": "integer",
          "primaryKey": false,
          "notNull": false
        }
      },
      "indexes": {},
      "foreignKeys": {},
      "compositePrimaryKeys": {},
      "uniqueConstraints": {
        "nodes_name_unique": {
          "name": "nodes_name_unique",
          "nullsNotDistinct": false,
          "columns": [
            "name"
          ]
        }
      },
      "policies": {},
      "checkConstraints": {},
      "isRLSEnabled": false
    },
    "public.userLessons": {
      "name": "userLessons",
      "schema": "",
      "columns": {
        "id": {
          "name": "id",
          "type": "serial",
          "primaryKey": true,
          "notNull": true
        },
        "isu_id": {
          "name": "isu_id",
          "type": "varchar",
          "primaryKey": false,
          "notNull": false
        },
        "task_id": {
          "name": "task_id",
          "type": "varchar",
          "primaryKey": false,
          "notNull": true
        },
        "createdAt": {
          "name": "createdAt",
          "type": "timestamp",
          "primaryKey": false,
          "notNull": false,
          "default": "now()"
        },
        "closedAt": {
          "name": "closedAt",
          "type": "timestamp",
          "primaryKey": false,
          "notNull": false
        },
        "active": {
          "name": "active",
          "type": "boolean",
          "primaryKey": false,
          "notNull": true,
          "default": true
        }
      },
      "indexes": {},
      "foreignKeys": {
        "userLessons_isu_id_users_isu_id_fk": {
          "name": "userLessons_isu_id_users_isu_id_fk",
          "tableFrom": "userLessons",
          "tableTo": "users",
          "columnsFrom": [
            "isu_id"
          ],
          "columnsTo": [
            "isu_id"
          ],
          "onDelete": "no action",
          "onUpdate": "no action"
        }
      },
      "compositePrimaryKeys": {},
      "uniqueConstraints": {},
      "policies": {},
      "checkConstraints": {},
      "isRLSEnabled": false
    },
    "public.users": {
      "name": "users",
      "schema": "",
      "columns": {
        "isu_id": {
          "name": "isu_id",
          "type": "varchar",
          "primaryKey": true,
          "notNull": true
        },
        "password": {
          "name": "password",
          "type": "varchar",
          "primaryKey": false,
          "notNull": true
        },
        "refresh_token": {
          "name": "refresh_token",
          "type": "varchar",
          "primaryKey": false,
          "notNull": true
        },
        "access_token": {
          "name": "access_token",
          "type": "varchar",
          "primaryKey": false,
          "notNull": true
        },
        "accessTokenIssued": {
          "name": "accessTokenIssued",
          "type": "timestamp",
          "primaryKey": false,
          "notNull": true
        },
        "refreshTokenIssued": {
          "name": "refreshTokenIssued",
          "type": "timestamp",
          "primaryKey": false,
          "notNull": true
        }
      },
      "indexes": {},
      "foreignKeys": {},
      "compositePrimaryKeys": {},
      "uniqueConstraints": {
        "users_isu_id_unique": {
          "name": "users_isu_id_unique",
          "nullsNotDistinct": false,
          "columns": [
            "isu_id"
          ]
        }
      },
      "policies": {},
      "checkConstraints": {},
      "isRLSEnabled": false
    }
  },
  "enums": {},
  "schemas": {},
  "sequences": {},
  "roles": {},
  "policies": {},
  "views": {},
  "_meta": {
    "columns": {},
    "schemas": {},
    "tables": {}
  }
}